001---Colt-Revolver, SAA
002---M1911, M1911
003---M9, M9
005---Nagant-Revolver, M1895
006---Tokarev, Tokarev
007---Stechkin, Stechkin
008---Makarov, Makarov
009---P38, P38
010---PPK, PPK
011---P08, P08
012---C96, C96
013---92type, Type92
014---Astra-Revolver, Astra
015---Glock17, G17
016---Thompson, Thompson
017---M3, M3
018---MAC10, Ingram
019---FMG9, FMG-9
020---Vector, Vector
021---PPsh41, PPsh41
022---PPS43, PPS-43
023---PP90, PP-90
024---PP2000, PP-2000
025---MP40, MP40
026---MP5, Gr MP5
027---Skorpion, Skorpion
029---StenMK2, STEN MkII
031---Beretta-Model-38, M38
032---MicroUZI, Micro Uzi
033---m45, m45
034---M1-Garand, M1 Garand
035---M1A1, M1A1
036---Springfield, Springfield
037---M14, M14
038---M21, M21
039---Mosin-nagant, Mosin-Nagant
040---SVT38, SVT-38
041---Simonov, SKS
042---PTRD, PTRD
043---SVD, SVD
044---SV98, SV-98
046---Kar98k, Kar98k
047---G43, Gr G43
048---WA2000, WA2000
049---Type-56, Type56R
050---Lee-Enfield, Lee Enfield
051---FN49, FF FN49
052---BM59, VM59
053---NTW20, NTW-20
054---M16A1, M16A1
055---M4A1, M4A1
056---M4-SOPMOD-II, M4 SOPMOD II
057---AR15, ST AR-15
058---AK47, Ak47
060---ASVAL, AS Val
061---StG44, StG44
062---G41, Gr G41
063---G3, Gr G3
064---G36, Gr G36
065---HK416, 416
066---Type-56-1, Type56-1
068---L85A1, L85A1
069---FAMAS, Fr FAMAS
070---FNC, FF FNC
071---Galil, Galil
072---TAR-21, Tar-21
074---SIG-510, SIG-510
075---M1918, M1918
077---M2HB, M2HB
078---M60, M60
079---M249-SAW, FF M249SAW
080---M1919A4, M1919A4
081---LWMMG, LWMMG
082---DP28, DP28
084---RPD, RPD
085---PK, PK
086---MG42, MG42
087---MG34, MG34
088---MG3, MG3
089---BrenMK, Bren
090---FNP9, FF FNP9
091---MP446, MP446
092---SpectreM4, Spectre M4
093---IDW, IDW
094---Type-64, Type64
095---Hanyang-Type-88, Type88
096---Grizzly-MkV, Grizzly
097---M950A, M950A
098---SPP1, SPP-1
099---Mk23, Gr Mk23
100---P7, P7
101---UMP9, UMP9
103---UMP45, UMP45
104---G36C, Gr G36c
105---OTs-12, OTs-12
106---FNFAL, FN FAL
107---F2000, FF F2000
108---CZ805, CZ-805
109---MG5, Gr MG5
110---FG42, FG42
111---AAT52, AAT-52
112---NEGEV, Negev
113---Serdyukov, Serdyukov
114---WelrodMkII, Welrod Mk II
115---Suomi, Suomi
116---Z62, Z62
117---PSG1, Gr PSG-1
118---9A91, 9A-91
119---OTs-14, OTs-14
120---ARX160, ARX-160
two-121---MK48, Mk48
two-122---G11, Gr G11
two-123---P99, P99
two-124---SuperSASS, Super SASS
two-125---MG4, Gr MG4
two-126---NZ75, NZ75
two-127---79type, Type79
two-128---M99, M99
two-129---95type, Type95
two-130---97type, Type97
two-131---EVO3, EVO 3
two-132---59type, Type59
two-133---Type63, Type63
two-134---AR70, AR70
two-135---SR3MP, SR3MP
two-136---PP19, PP-19
two-138---6P62, 6P62
two-139---BrenTen, Bren Ten
two-140---PSM, PSM
two-141---USPCompact, Gr USPCompact
two-142---FN57, Five-seven
two-143---RO635, RO635
two-144---MT9, MT-9
two-145---OTS44, OTS44
two-146---G28, Gr G28
two-147---SSG69, SSG 69
two-148---IWS-2000, IWS 2000
two-149---AEK-999, AEK 999
two-150---Shipka, Shipka
two-151---M1887, M1887
two-152---M1897, M1897
two-153---Ithaca37, Ithaca 37
two-154---M500, M500
two-155---M590, M590
two-156---Super-Shorty, Super-Shorty
two-157---KSG, Am KSG
two-158---KS23, KS-23
two-159---RMB93, RMB-93
two-160---Saiga-12, Saiga-12
two-161---97typeS, Type97S
two-162---SPAS-12, SPAS-12
two-166---CZ75, CZ75
two-167---HK45, Gr HK45
two-168---Spitfire, Spitfire
two-169---SCW, SCW
two-170---ASh-12, ASh-12.7
two-171---Ribeyrolles, Ribeyrolles
two-172---RFB, Am RFB
two-173---PKP, PKP
two-174---Type81BoltActionRifle, Type81R
two-175---ART556, ART556
three-CollabElphelt, Elphelt
three-CollabNoel, Noel
three-DSR50, Gd DSR-50
three-F1, F1
three-KLIN, KLIN
three-PzB39, PzB39
three-TMP, TMP
three-UMP40, UMP40
three-Persica, Persica
4-AK-12, AK-12
4-AN-94, AN-94
4-Ak5, Ak 5
4-Ameli, Ameli
4-Ballista, FN Ballista
4-Bronya, Bronya
4-CBJMS, C-MS
4-CZ2000, CZ2000
4-CZ52, CZ52
4-CarcanoM1891, Carcano M1891
4-CarcanoM9138, Carcano M91/38
4-Contender, Contender
4-GepardM1, Gepard M1
4-HK21, HMG21
4-HK23, Gr MG23
4-HoneyBadger, Honey Badger
4-JS05, JS05
4-K2, K2
4-K5, K5
4-Kiana, Kiana
4-M12, M12
4-MDR, MDR
4-MP-443, MP-443
4-MP7, Gr MP7
4-MurataHimeko, Murata Himeko
4-NS2000, NS2000
4-OTs-39, OTs-39
4-P226, P226
4-PP1901, PP-19-01
4-RaidenMei, Raiden Mei
4-SAT8, S.A.T.8
4-SRS, SRS
4-Seele, Seele
4-T-5000, T-5000
4-T65, T65
4-T77, T77
4-T91, T91
4-Theresa, Theresa
4-Thunder, Thunder
4-Type80, Type80
4-USAS-12, USAS-12
4-XM3, XM3
4-XM8, XM8
4-ZasM21, Zas M21
4-wz29, wz. 29
5-GFAA12, AA12
5-GFAUG, AUG
5-GFCLEAR, El Clear
5-GFFAIL, El Fail
5-GFFP6, FP-6
5-GFGSH18, GSH18
5-GFM1014, M1014
5-GFModelL, Model L
5-GFT100, 100 Shiki
5-GFTAC50, TAC-50
5-Mod364type, Type64 [Mod 3]
5-Mod3AR15, ST AR-15 [Mod 3]
5-Mod3FN49, FF FN49 [Mod 3]
5-Mod3IDW, IDW [Mod 3]
5-Mod3M1911, M1911 [Mod 3]
5-Mod3M1918, M1918 [Mod 3]
5-Mod3M4A1, M4A1[Mod 3]
5-Mod3MP446, MP-446 [Mod 3]
5-Mod3Mosin, Mosin-Nagant [Mod 3]
5-Mod3Nagant, M1895 [Mod 3]
5-SFAgent, Agent
5-SFAlchemist, Alchemist
5-SFArchitect, Architect
5-SFCerberus, Cerberus
5-SFDestroyer, Destroyer
5-SFDestroyerElite, Gaia
5-SFDreamer, Dreamer
5-SFElisa, Elisa
5-SFExecutioner, Executioner
5-SFGager, Gager
5-SFHunter, Hunter
5-SFIntruder, Intruder
5-SFJUDGE, Judge
5-SFOuroboros, Ouroboros
5-SFScarecrow, Scarecrow
5-SFM16A1, ???
6-GFA-91, A-91
6-GFAK-74U, AK-74U
6-GFCx4Storm, Cx4 Storm
6-GFJS9, JS 9
6-GFJericho, Jericho
6-GFK11, K11
6-GFK31, K31
6-GFM82A1, M82A1
6-GFM870, M870
6-GFMP448, MP-448
6-GFMk-12, Mk 12
6-GFMk46, Mk46
6-GFOBR, OBR
6-GFP90, P90
6-GFPM-06, PM-06
6-GFPx4Storm, Px4 Storm
6-GFRT-20, RT-20
6-GFSAR21, SAR-21
6-GFSPR-A3G, SPR A3G
6-GFType03, Type03
6-GFType62, 62 Shiki
6-GFType88, QJY-88
6-HOC2B14Blue, 2B14 Loader
6-HOC2B14Green, 2B14 Observer
6-HOC2B14Red, 2B14 Gunner
6-HOCAGS30Alina, AGS-30 Alina
6-HOCAGS30Galina, AGS-30 Galina
6-HOCAGS30Sonya, AGS-30 Sonya
6-HOCBGM71Blonde, BGM-71 Sub-Gunner
6-HOCBGM71Brown, BGM-71 Leader
6-HOCBGM71Silver, BGM-71 Rifleman
6-HOCBGM71White, BGM-71 Gunner
6-Mod3Bren, Bren [Mod 3]
6-Mod3ColtSAA, SAA [Mod 3]
6-Mod3G3, Gr G3 [Mod 3]
6-Mod3G36, Gr G36 [Mod 3]
6-Mod3LWMMG, LWMMG [Mod 3]
6-Mod3M14, M14 [Mod 3]
6-Mod3M4SOPMODII, M4 SOPMOD II [Mod 3]
6-Mod3SV98, SV-98 [Mod 3]
6-Mod3StenMkII, STEN MkII [Mod 3]
6-Mod3StenMkIID, STEN MkII [Mod 3] (Damaged)
6-Mod3UMP45, UMP45 [Mod 3]
6-GFHowaType64, 64 Shiki 
6-GFPython, Python
7-GFHS2000, HS2000
7-GFKSVK, KSVK
7-GFLewis, Lewis
7-GFP22, P22
7-GFScout, Scout
7-GFTEC9, TEC-9
7-GFUKM2000, UKM-2000
7-GFX95, X95
7-ZZT64Costume, Type64
7-GFM200, M200
7-zGF43M, 43M
7-zGFAK15, AK-15
7-zGFC-93, C-93
7-zGFCAR, CAR
7-zGFCAWS, CAWS
7-zGFCF05, CF-05
7-zGFCR-21, CR-21
7-zGFDP-12, DP-12
7-zGFHSM10, HSM10
7-zGFHowaType89, 89 Shiki
7-zGFKAC-PDW, K-PDW
7-zGFLiberator, Liberator
7-zGFM82, FI M82
7-zGFMAT-49, MAT-49
7-zGFR5, R5
7-zGFRPK-16, RPK-16
7-zGFSIG556, SIG556
7-zGFSL8, Gr SL8
7-zGFVepr, Vepr
7-zGFWebley, Webley
7-zGFZasM76, Zas M76
7-zModGFBerettaM38, Beretta M38 [Mod 3]
7-zModGFC96, C96 [Mod 3]
7-zModGFNTW20, NTW-20 [Mod 3]
7-zModGFStechkin, Stechkin [Mod 3]
7-zSFAegis, Aegis
7-zSFBrute, Brute
7-zSFDinergate, Dinergate
7-zSFDragoon, Dragoon
7-zSFGolyat, Goliath
7-zSFGuard, Guard
7-zSFJaguar, Jaguar
7-zSFJeager, Jaeger
7-zSFManticore, Manticore
7-zSFNemeum, Nemeum
7-zSFProwler, Prowler
7-zSFRipper, Ripper
7-zSFScout, Scout
7-zSFStriker, Striker
7-zSFTarantula, Tarantula
7-zSFVespid, Vespid
8-ExGFAlma, Alma Armas
8-ExGFDana, Dana Zane
8-ExGFDorothy, Dorothy Haze
8-ExGFJill, Jill Stingray
8-ExGFSei, Sei Asagiri
8-ExGFStella, Stella Hoshii
8-GFADS, ADS
8-GFChauchat, Chauchat
8-GFEM-2, EM-2
8-GFFalcon, Falcon
8-GFHK33, Gr HK33
8-GFMG36, Gr MG36
8-GFMP41, MP41
8-GFMagal, Magal
8-GFP30, Gr P30
8-GFPA-15, PA-15
8-GFPM-9, PM-9
8-GFQBU-88, QBU-88
8-GFR93, R93
8-GFT-CMS, T-CMS
8-GFType4, 4 Shiki
8-HOCAT4Goggles, AT4 Goggles
8-HOCAT4Headband, AT4 Headband
8-HOCAT4Silver, AT4 Main
8-HOCM2Lead, M2 Leader
8-HOCM2Loader, M2 Loader
8-HOCM2Rifleman, M2 Rifleman
8-Mod3ASVal, AS Val [Mod 3]
8-Mod3MicroUzi, Micro Uzi [Mod 3]
8-Mod3STG44, StG44 [Mod 3]
8-ZGFACR, ACR
8-ZGFK3, K3
8-ZGFKord, Kord
8-ZGFM1895CB, M1895 CB
8-ZGFSSG3000, SSG3000
8-ZGFVP70, Gr VP70
8-ZGFdeagle, Desert Eagle
8-ZMod3HK416, 416 [Mod 3]
8-ZMod3Hanyang, Type88 [Mod 3]
8-ZMod3MP5, Gr MP5 [Mod 3]
8-ZMod3UMP9, UMP9 [Mod 3]
8-ZNPCdier, Dier
8-ZNPCkryuger, Kryuger
8-ZNPCsier, Sier
8-ZNPCweitkins, Weitkins
8-ZSFEliteExec, Executioner Overcharge
8-ZSFEliteHunt, Hunter Overcharge
8-ZSFEliteOuru, Ouroboros Overcharge
8-ZSFbeak, Beak
8-ZZZCCostumeClear, El Clear
8-ZZZCCostumeFail, El Fail
8-ZZZCJacketUMP45, UMP45
8-ZZZFairyCAnna, Anna Graem
8-ZZZFairyCChloe, Chloe
8-ZZZFairyCKaguyaHime, Kaguya Hime
8-ZZZFairyCPreiCam, Preiya and Camilla
8-ZZZFairyCSehra-Nina, Sehra and Nina
8-ZZZFairyCSuee, Suee
8-ZZZFairyCYaeSakura, Yae Sakura
8-ZZZFairyNAirstrike, Airstrike
8-ZZZFairyNArmor, Armor
8-ZZZFairyNBarrier, Barrier
8-ZZZFairyNCom, Command
8-ZZZFairyNCombo, Combo
8-ZZZFairyNCon, Construction
8-ZZZFairyNDefense, Defense
8-ZZZFairyNFury, Fury
8-ZZZFairyNIllumination, Illumination
8-ZZZFairyNLandmine, Landmine
8-ZZZFairyNMortar, Artillery
8-ZZZFairyNParadrop, Parachute
8-ZZZFairyNRocket, Rocket
8-ZZZFairyNShield, Shield
8-ZZZFairyNSniper, Sniper
8-ZZZFairyNTwins, Twins
8-ZZZFairyNWarrior, Warrior
8-ZZZFairyRBeach, Beach
8-ZZZFairyRCooking, Cooking
8-ZZZFairyRFirework, Fireworks
8-ZZZFairyRGolden, Golden
8-ZZZFairyRNian, Zodiac
8-ZZZFairyReinforce, Reinforcement
8-ZZZFairyRescue, Rescue
8-ZZZHOCQLZGunner, QLZ-04 Gunner
8-ZZZHOCQLZLoader, QLZ-04 Loader
8-ZZZHOCQLZObserver, QLZ-04 Observer
9-0GSGAngelica, Angelica
9-0GSGClaes, Claes
9-0GSGHenrietta, Henrietta
9-0GSGRico, Rico
9-0GSGTriela, Triela
9-1DivDima, Dima
9-1DivKalina, Kalina
9-1Div416, Fang
9-1DivVector, Hellfire
9-3F1mod, F1 [Mod 3]
9-3G11mod, Gr G11 [Mod 3]
9-3Galilmod, Galil [Mod 3]
9-3GShmod, GSh-18 [Mod 3]
9-3KSVKmod, KSVK [Mod 3]
9-3M1897mod, M1897 [Mod 3]
9-3M500mod, M500 [Mod 3]
9-3Calicomod, M950A [Mod 3]
9-3Makarovmod, Makarov [Mod 3]
9-3MG4mod, Gr MG4 [Mod 3]
9-3PP19mod, PP-19 [Mod 3]
9-3RMB93mod, RMB-93 [Mod 3]
9-3ROmod, RO635 [Mod 3]
9-3SSASSmod, Super SASS [Mod 3]
9-3Type56mod, Type56R [Mod 3]
9-3Type80mod, Type80 [Mod 3]
9-3Type97Smod, Type97S [Mod 3]
9-3Welrodmod, Welrod Mk II [Mod 3]
9-3XM3mod, XM3 [Mod 3]
9-4K5XmasTemp, K5
c1-AnniversaryDSR50, Gd DSR-50
c1-AnniversaryGrizzly, Grizzly
c1-AnniversaryHK416, 416
c1-AnniversaryIDW, IDW
c1-CNYDSR50, Gd DSR-50
c1-CNYT95, Type95
c1-Child5-7, Five-seven
c1-HalloweenSAT8, S.A.T.8
c1-HalloweenWA2k, WA2000
c1-HalloweenWelrod, Welrod Mk II
c1-MaidNTW, NTW-20
c1-NewYearHowaT64, 64 Shiki
c1-PrinceTommy, Tommy
c1-SummerG41, Gr G41
c1-SummerSuomi, Suomi
c1-WeddingLee, Lee Enfield
c1-WeddingVector, Vector
c1-XmasPx4Storm, Px4 Storm
c1-XmasSuomi, Suomi
c1-YukataG36C, Gr G36c
c1-ZZDefault, Default
c1-ZZGandK, GnK
c1-ZZTrueCore, True Core
c1-XmasRFB, Am RFB
c2-AnnivCalico, M950A
c2-AnnivM1918, M1918
c2-AnnivMosin, Mosin-Nagant
c2-AnnivSR3MP, SR-3MP
c2-AnnivSkorp, Skorpion
c2-AnnivSpring, Springfield
c2-AnnivWA, WA2000
c2-BBGGElph, Elphelt
c2-BBGGMu12, Mu-12
c2-BBGGSFElph, SF Elphelt
c2-CNYM99, M99
c2-CNYMP446, MP-446
c2-CNYNZ75, NZ75
c2-CNYT561, Type56-1
c2-CNYT59, Type59
c2-CNYT97, Type97
c2-Casual9A, 9A-91
c2-CasualG3, Gr G3
c2-CasualMG3, MG3
c2-CasualSAW, FF M249SAW
c2-CasualTar, TAR-21
c2-ChildG36, Gr G36
c2-ChildGrizzly, Grizzly
c2-ChildLee, Lee Enfield
c2-ChildMP40, MP40
c2-ChildNegev, Negev
c2-GGZBronya, Bronya
c2-GGZKiana, Kiana
c2-GGZSeele, Seele
c2-HalloFNC, FF FNC
c2-HalloIWS, IWS 2000
c2-HalloP7, P7
c2-HalloSASS, Super SASS
c2-HalloSpitfire, Spitfire
c2-HalloT79, Type79
c2-PrinceAEK, AEK-999
c2-PrinceCont, Contender
c2-PrinceG36, Gr G36
c2-PrinceMG5, Gr MG5
c2-PrincePKP, PKP
c2-PrincePzB, PzB39
c2-RankAk47, AK-47
c2-School6P, 6P62
c2-SchoolAR15, ST AR-15
c2-SchoolCalico, M950A
c2-SchoolMG4, Gr MG4
c2-Summer57, Five-seven
c2-SummerG28, Gr G28
c2-SummerGarand, M1 Garand
c2-SummerM37, M37
c2-SummerNTW, NTW-20
c2-SummerSpring, Springfield
c2-SummerT95, Type95
c2-SummerWA, WA2000
c2-ValPTRD, PTRD
c2-ValUMP45, UMP45
c2-ValUMP9, UMP9
c2-ValWelrod, Welrod Mk II
c2-WeddingFAL, FAL
c2-WeddingP7, P7
c2-WeddingPK, PK
c2-WeddingPPsh, PPSh-41
c2-WeddingSten, STEN MkII
c2-WeddingTokarev, Tokarev
c2-XmasAmeli, Ameli
c2-XmasCZ75, CZ75
c2-XmasG11, Gr G11
c2-XmasM1918, M1918
c2-XmasOTs44, OTs-44
c2-XmasZas, Zas M21
c2-YukataKLIN, KLIN
c2-YukataMP5, Gr MP5
c2-YukataOTs14, OTs-14
c2-YukataPKP, PKP
c3-AnnivColt, SAA
c3-AnnivEVO3, EVO 3
c3-AnnivUMP45, UMP45
c3-AnnivUMP9, UMP9
c3-AnnivWelrod, Welrod Mk II
c3-AnnivZas, ZAS M21
c3-CNYART, ART556
c3-CNYHanyang, Type88
c3-CNYJS05, JS05
c3-CNYLWMMG, LWMMG
c3-CNYM590, M590
c3-CNYMk23, Gr Mk23
c3-CNYSAT8, S.A.T.8
c3-CNYType81, Type 81 Carbine
c3-CasualM99, M99
c3-CasualNZ75, NZ75
c3-CasualRMB93, RMB-93
c3-CasualSPP1, SPP-1
c3-CasualShorty, Super-Shorty
c3-ChildCMS, C-MS
c3-ChildCarcanoGrape, Carcano M91/38
c3-ChildCarcanoPink, Carcano M1891
c3-ChildPP19, PP-19
c3-ChildThunder, Thunder
c3-EastK2, K2
c3-EastK5, K5
c3-EastKLIN, KLIN
c3-EastType63, Type63
c3-HalloBren, Bren
c3-HalloF1, F1
c3-HalloFAMAS, Fr FAMAS
c3-HalloMDR, MDR
c3-HalloTAC50, TAC-50
c3-IdolHK21, HMG21
c3-IdolHK45, Gr HK45
c3-IdolJS05, JS05
c3-IdolNagant, M1895
c3-IdolPM06, PM-06
c3-IdolUSAS, USAS-12
c3-MaidCalico, M950A
c3-MaidCont, Contender
c3-MaidG28, Gr G28
c3-MaidGepard, Gepard M1
c3-NYASVal, AS Val
c3-NYCarcanoGrape, Carcano M91/38
c3-NYCarcanoPink, Carcano M1891
c3-NYM1014, M1014
c3-NYRFB, Am RFB
c3-NYType100, 100 Shiki
c3-NYType62, 62 Shiki
c3-RockG11, Gr G11
c3-RockM1887, M1887
c3-RockM1897, M1897
c3-RockMG5, Gr MG5
c3-RockT80, Type80
c3-SummerAA12, AA-12
c3-SummerAk12, AK-12
c3-SummerAmeli, Ameli
c3-SummerAn94, AN-94
c3-SummerFAL, FAL
c3-SummerG36, Gr G36
c3-SummerMP7, Gr MP7
c3-SummerP38, P38
c3-SummerSPAS, SPAS-12
c3-Wedding57, Five-seven
c3-WeddingG36, Gr G36
c3-WeddingMP5, Gr MP5
c3-WeddingSV98, SV-98
c3-WeddingType561, Type56-1
c3-Xmas57, Five-seven
c3-XmasART, ART556
c3-XmasFP6, FP-6
c3-XmasG36, Gr G36
c3-XmasP90, P90
c3-XmasTMP, TMP
c4-AnnivAk12, AK-12
c4-AnnivAn94, AN-94
c4-AnnivG28, Gr G28
c4-AnnivK2, K2
c4-AnnivK5, K5
c4-AnnivM99, M99
c4-AnnivMDR, MDR
c4-AnnivT79, Type79
c4-AnnivThunder, Thunder
c4-ArtbookSPAS, SPAS-12
c4-ArtbookSV, SV-98
c4-CNYAk47U, AK-47U
c4-CNYCZ52, CZ52
c4-CNYCZ75, CZ75
c4-CNYIWS, IWS 2000
c4-CNYMP5, Gr MP5
c4-CNYOTs14, OTs-14
c4-CNYT88, QJY-88
c4-CasualGrizzly, Grizzly
c4-CasualLee, Lee Enfield
c4-CasualM1918, M1918
c4-CasualM1919, M1919A4
c4-CasualMP446, MP-446
c4-CasualUZI, Micro Uzi
c4-ChildHK416, 416
c4-ChildK11, K11
c4-ChildKSVK, KSVK
c4-ChildOTs44, OTs-44
c4-ChildUMP45, UMP45
c4-ChildUMP9, UMP9
c4-ComicGSH, GSh-18
c4-HalloG11, Gr G11
c4-HalloM1919, M1919A4
c4-HalloMP5, Gr MP5
c4-HalloMak, Makarov
c4-HalloMk23, Gr Mk23
c4-HalloSpring, Springfield
c4-HalloT64, Type64
c4-HalloVivi, Vector
c4-Hallom45, m45
c4-LabyCont, Contender
c4-LabyIDW, IDW
c4-LabyNegev, Negev
c4-LabySPAS, SPAS-12
c4-LabyTokarev, Tokarev
c4-SummerCMS, C-MS
c4-SummerLewis, Lewis
c4-SummerR93, R93
c4-SummerSerdyukov, Serdyukov
c4-SummerT88, QJY-88
c4-SummerType4, 4 Shiki
c4-SummerZ62, Z-62
c4-ValAlma, Alma Armas
c4-ValDana, Dana Zane
c4-ValDorothy, Dorothy Haze
c4-ValJill, Jill Stingray
c4-ValSei, Sei Asagiri
c4-ValStella, Stella Hoshii
c4-WeddingG36C, Gr G36c
c4-WeddingGepard, Gepard M1
c4-WeddingMk23, Gr Mk23
c4-WeddingPKP, PKP
c4-WeddingSuomi, Suomi
c4-WeddingT5k, T-5000
c4-XmasColt, SAA
c4-XmasFAL, FAL
c4-XmasGriffin, Griffon
c4-XmasM14, M14
c4-XmasM21, M21
c4-XmasMG5, Gr MG5
c4-XmasNTW, NTW
c4-XmasSF, SF
c4-XmasSVD, SVD
c4-XmasSpring, Springfield
c4-XmasWA, WA2000
c4-YukataADS, ADS
c4-YukataG36, Gr G36
c4-YukataOTs12, OTs-12
c4-YukataSAT8, S.A.T.8
c4-YukataSAW, FF M249SAW
c4-ZFurM500, M500
c4-ZFurM590, M590
c4-ZFurMk23, Gr Mk23
c4-ZFurPA15, PA-15
c4-ZFurSR3MP, SR-3MP
c4-ZFurT95, Type95
c4-ZFurT97, Type97
c4-ZFurTMP, TMP
c4-ZGFINSAS, INSAS
c4-ZGFsix12, Six12
c4-ZHalloG36C, Gr G36c
c4-ZHalloKSVK, KSVK
c4-ZHalloM870, M870
c4-ZHalloMG3, MG3
c4-ZHalloModelL, Model L
c4-ZHalloPSG1, Gr PSG-1
c4-ZHalloQBU88, QBU-88
c4-ZHalloT97s, Type97S
c4-Zz1CNYDP-12, DP-12
c4-Zz1CNYEM2, EM2
c4-Zz1CNYJS9, JS 9
c4-Zz1CNYm1895mg, M1895 CB
c4-Zz1CNYmg34, MG34
c4-Zz1CNYmg36, Gr MG36
c4-Zz1CNYpa15, PA-15
c4-Zz1CNYpkp, PKP
c4-Zz1CNYspp1, SPP-1
c4-Zz1CNYt91, T91
c4-Zz1NewYear4type, 4 Shiki
c4-Zz1NewYear9a91, 9A91
c4-Zz1NewYearfalcon, Falcon
c4-Zz1NewYearg11, Gr G11
c4-Zz1NewYearm1a1, M1A1
c4-Zz1NewYearmg3, MG3
c4-Zz1NewYearsr3mp, SR-3MP
c4-Zz1RacingM2HB, M2HB
c4-Zz1RacingP22, P22
c4-Zz1RacingPPK, PPK
c4-Zz1RacingSaiga12, Saiga-12
c4-Zz1RacingUKM2000, UKM-2000
c4-Zz1WeddingFNC, FF FNC
c4-Zz1WeddingKar98k, Kar98k
c4-Zz1WeddingStechkin, Stechkin
c4-Zz1Weddinggrizzly, Grizzly
c4-Zz1Weddingm1014, M1014
c4-Zz1Weddingm950a, M950A
c4-Zz1Weddingmakarov, Makarov
c4-Zz1Weddingrmb93, RMB-93
c4-Zz1WeddingzasM21, Zas M21
c4-Zz1Xmascaws, CAWS
c4-Zz1Xmasgepardm1, Gepard M1
c4-Zz1Xmashk21, HMG21
c4-Zz1Xmashoneybadger, Honey Badger
c4-Zz1Xmaslewis, Lewis
c4-Zz1Xmaslwmmg, LWMMG
c4-Zz1Xmastype100, 100 Shiki
c5-PJA91, A-91
c5-PJAA12, AA-12
c5-PJNS2000, NS2000
c5-PJP30, Gr P30
c5-PJPA15, PA-15
c5-PJPP1901, PP-19-01
c5-CarnAR15, ST AR-15
c5-CarnG11, Gr G11
c5-CarnHK416, 416
c5-CarnM16, M16A1
c5-CarnM4Sop, M4 SOPMOD II
c5-CarnM4A1, M4A1
c5-CarnRO635, RO635
c5-CarnUMP40, UMP40
c5-CarnUMP45, UMP45
c5-CarnUMP9, UMP9
c5-AnniAR15, ST AR-15
c5-AnniKSVK, KSVK
c5-AnniM16, M16A1
c5-AnniM1911, M1911
c5-AnniM200, M200
c5-AnniM4Sop, M4 SOPMOD II
c5-AnniM4A1, M4A1
c5-AnniGroza, OTs-14
c5-AnniQBU88, QBU-88
c5-AnniRO, RO635
c5-AnniSaiga12, Saiga-12
c5-AnniZasM76, Zas M76
c5-LoliAlfa, AKAlfa
c5-LoliEvo3, EVO 3
c5-LoliFAMAS, Fr FAMAS
c5-LoliHP35, HP-35
c5-LoliT5000, T-5000
c5-LoliTMP, TMP
c5-LoliX95, X95
c5-SummerAstra, Astra
c5-SummerAK5, AK 5
c5-SummerFN49, FN-49
c5-SummerJS9, JS 9
c5-SummerKAC, K-PDW
c5-SummerPP19, PP-19
c5-SummerSL8, Gr SL8
c5-SummerZB26, ZB-26
c5-GSGAngelica, Angelica
c5-GSGClaes, Claes
c5-GSGHenrietta, Henrietta
c5-GSGRico, Rico
c5-GSGTriela, Triela
c5-MedievalAUG, AUG
c5-MedievalM1897, M1897
c5-MedievalNugget, Mosin-Nagant
c5-MedievalMk48, Mk48
c5-MedievalNTW, NTW-20
c5-KimonoDP12, DP-12
c5-KimonoIDW, IDW
c5-KimonoMG36, Gr MG36
c5-KimonoMG5, MG5
c5-KimonoR93, R93
c5-KimonoTabuk, Tabuk
c5-KimonoType100, 100 Shiki
c5-Kimonowz29, wz.29
c5-DivisionAgent4, Agent 416
c5-DivisionAgentV, Agent Vector
c5-Division416, 416
c5-DivisionVector, Vector
s1-AM4, M4A1
s1-AAR15, ST AR-15
s1-ASOP, M4 SOPMOD II
s1-AM16, M16A1
s1-AGetntaine, Gentaine
s1-AKalina, Kalina
10-A-545, A-545
10-AK-74M, AK74M
10-AK-Alfa, AK-Alfa
10-APC556, APC556
10-AR-57, AR-57
10-AUGPara, AUG Para
10-C14, C14
10-CZ100, CZ 100
10-DeLisle, De Lisle
10-Defender, Defender
10-Derringer, Derringer
10-FARA83, FARA 83
10-Fedorov, Fedorov Avtomat
10-FO-12, FO-12
10-FX-05, FX-05
10-GeneralLiu, General Liu
10-GM6Lynx, GM6 Lynx
10-HK512, 512
10-HP-35, HP-35
10-HS50, HS.50
10-KH2002, KH2002
10-KH420, KH420
10-Kolibri, Kolibri
10-LS26, LS26
10-LTLX7000, LTLX 7000
10-Lusa, Lusa
10-M26-MASS, M26-MASS
10-M6ASW, M6 ASW
10-MAG-7, MAG-7
10-MAS-38, MAS-38
10-MG338, MG338
10-Mondragon, Mondragon M1908
10-PM1910, PM1910
10-PPD-40, PPD-40
10-PPQ, PPQ
10-QBZ-191,  QBZ-191
10-QSB-91, QSB-91
10-RexZero1, Rex Zero 1
10-Rhino, Rhino
10-RPK-203, RPK-203
10-SAF, SAF
10-Savage99, Model 99
10-SIGMCX, SIG MCX
10-SP9, SP9
10-SR-2, SR-2
10-Sterling, Sterling
10-SteyrACR, S-ACR
10-StG-940, StG-940
10-SUB-2000, SUB-2000
10-Supernova, Nova
10-SVCh, SVCh
10-Tabuk, Tabuk
10-TF-Q, TF-Q
10-TKB-408, TKB-408
10-TS12, TS12
10-VHS, VHS
10-Vigneron, Vigneron M2
10-VP1915, VP1915
10-V-PM5, V-PM5
10-VSKmod, VSK [Mod 2]
10-VSK-94, VSK-94
10-WKp, WKp
10-ZB-26, ZB-26
10-ZiP22, ZiP .22
10-zKarPlace, r/place2022
11-01---SM-1, SM-1
11-02---APC9K, APC9K
11-03---CMR-30, CMR-30
11-04---MPK, MPK
11-05---MPL, MPL
11-06--MSBS, MSBS
11-07---P10C, P10C
11-08---P290, P290
11-09---Saiga308, Saiga 308
11-10---UTS-15, UTS-15
11-11---VP9, VP9
11-12---AR-18, AR-18
11-13---ColtWalker, Colt Walker
11-14---Erma, Erma
11-15---Jatimatic, Jatimatic
11-16---LAMG, LAMG
11-17---M110, M110
11-18---M240L, M240L
11-19---M327, M327
11-20---MK3A1, MK3A1
11-21---SCAR-H, SCAR-H
11-22---SCAR-L, SCAR-L
11-23---SCR, SCR
11-24---SPAS-15, SPAS-15
11-25---TPS, TPS
11-26---VRB, VRB
11-27---Place23-M4A1, r/place2023
11-28---Place23-UMP45, r/place2023
11-29---100Shiki, 100 Shiki [Mod 3]
11-30---AK-15, AK-15 [Mod 3]
11-31---AN-94, AN-94 [Mod 3]
11-32---DP-12, DP-12 [Mod 3]
11-33---Galil, Galil [Mod 3]
11-34---GepardM1, Gepard M1 [Mod 3]
11-35---GrG36c, Gr G36c [Mod 3]
11-36---K5, K5 [Mod 3]
11-37---Kar98K, Kar98k [Mod 3]
11-38---LeeEnfield, Lee Enfield [Mod 3]
11-39---M1919A4, M1919A4 [Mod 3]
11-40---Makarov, Makarov [Mod 3]
11-41---MG3, MG3 [Mod 3]
11-42---MP-443, MP-443 [Mod 3]
11-43---OBR, OBR [Mod 3]
11-44---PPK, PPK [Mod 3]
11-45---PPsh41, PPSh-41 [Mod 3]
11-46---Ribeyrolles, Ribeyrolles [Mod 3]
11-47---Suomi, Suomi [Mod 3]
11-48---Type-56-1, Type56-1 [Mod 3]
11-49---Type92, Type92 [Mod 3]
11-50---XM8, XM8 [Mod 3]
11-51---FairyAuspicious, Auspicious
11-52---FairyCheerleader, Cheerleader
11-53---FairyNurse, Nurse
11-54---FairyPeace, Peace
11-55---FairyPrototype, Prototype
11-56---FairyDesert, Sand Dancer
11-57---FairyTaunt, Taunt
11-58---FairyTrap, Trap
11-59---FairyWitch, Witch
11-60---FoolsSOP, Junya
12-00---KRK5, K5
12-01---MkBlonde, MkBlonde
12-02---MkBlue, MkBlue
12-03---MkPink, MkPink
12-04---PPBlonde, PPBlonde
12-05---PPBlue, PPBlue
12-06---PPPink, PPPink
12-07---47Gunner, 47Gunner
12-08---47Rifleman, 47Rifleman
12-09---47Spotter, 47Spotter
12-10---Adeline, Adeline
12-11---AdelineElite, Adeline Elite
12-12---Alina, Alina
12-13---AlinaElite, Alina Elite
12-14---AgentElite, Agent Elite
12-15---AegisSWAP, Aegis_SWAP
12-16---AlchemistElite, Alchemist Elite
12-17---Alina-Mosasaur, Alina Mosasaur
12-18---Alina-MosasaurElite, Alina Mosasaur Elite
12-19---ArchitectElite, Architect Elite
12-20---Architect-NVW, Architect NVW
12-21---Architect-NVWElite, Architect NVW Elite
12-22---CerberusElite, Cerberus Elite
12-23---DestroyerElite, Destroyer Elite
12-24---Destroyer-Reindeer, Destroyer Reindeer
12-25---Destroyer-ReinderElite, Destroyer Reindeer Elite
12-26---CorpseBride, Zombie Bride
12-27---DragoonSWAP, Dragoon_SWAP
12-28---DreamerElite, Dreamer Elite
12-29---Dreamer-Sentinel, Dreamer Sentinel
12-30---Dreamer-SentinelElite, Dreamer Sentinel Elite
12-31---ExecutionerElite, Executioner Elite
12-32---Executioner-Huntress, Executioner Huntress
12-33---Executioner-HuntressElite, Executioner Huntress Elite
12-34---GagerElite, Gager Elite
12-35---GingerbreadGuard, Gingerbread Guard
12-36---GoliathFactory, Goliath Factory
12-37---GuardSWAP, Guard_SWAP
12-38---HunterElite, Hunter Elite
12-39---Hunter-Moth, Hunter Moth
12-40---Hunter-MothElite, Hunter Moth Elite
12-41---IntruderElite, Intruder Elite
12-42---Intruder-Sorceress, Intruder Sorceress
12-43---Intruder-SorceressElite, Intruder Sorceress Elite
12-44---JeagerSWAP, Jeager_SWAP
12-45---JudgeElite, Judge Elite
12-46---OuroElite, Ouroboros Elite
12-47---ProwlerSWAP, Prowler_SWAP
12-48---RipperSWAP, Ripper_SWAP
12-49---ScarecrowElite, Scarecrow Elite
12-50---Scarecrow-Abyss, Scarecrow Abyss
12-51---Scarecrow-AbyssElite, Scarecrow Abyss Elite
12-52---JawsParadise, Jaws Paradise
12-53---StrikerSWAP, Striker_SWAP
12-54---VespidSWAP, Vespid_SWAP
12-55---Tareus, Tareus
12-56---TareusElite, Tareus Elite
12-57---Narciss, Narciss
12-58---NarcissElite, Narciss Elite
12-59---DEFY, DEFY
13-00---Jashin-Chan, Jashin-Chan
13-01---Medusa, Medusa
13-02---Minos, Minos
13-03---Pekora, Pekora
13-04---HanazonoYurine, Hanazono Yurine
13-05---Agent416, Agent 416
13-06---AgentVector, Agent Vector
13-07---Angelica, Angelica
13-08---Claes, Claes
13-09---Henrietta, Henrietta
13-10---Rico, Rico
13-11---Triela, Triela
13-12---Ai-Mizuno, Ai Mizuno
13-13---Junko-Konno, Junko Konno
13-14---Lily-Hoshikawa, Lily Hoshikawa
13-15---Saki-Nikaidou, Saki Nikaidou
13-16---Sakura-Minamoto, Sakura Minamoto
13-17---Tae-Yamada, Tae Yamada
13-18---Yugiri, Yugiri
13-19---Kouji, Kouji
13-20---Chicken, Drive-In Chicken
13-21---STAR-15, ST AR-15
13-22---GeneralLiu, General Liu
13-23---GdDSR-50, Gd DSR-50
13-24---Lewis, Lewis
13-25---C-93, C-93
13-26---MK3A1, MK3A1
13-27---ColtWalker, Colt Walker
13-28---SCAR-L, SCAR-L
13-29---QBZ-191, QBZ-191
13-30---Saiga-12, Saiga-12
13-31---M1895, M1895
13-32---SPAS-15, SPAS-15
13-33---M327, M327
13-34---AK-12Jacket, AK-12
13-35---GrG11Jacket, Gr G11
13-36---QBU-88-LAWSON, QBU-88
13-37---QBZ-191-Moondrop, QBZ-191
13-38---RO635-Carnival, RO635
13-39---Z-62-Chess, Z-62
13-40---OBR-Chess, OBR
13-41---M1897-Chess, M1897
13-42---MG42-Chess, MG42
13-43---M950A, M950A
13-44---HK433, 433
13-45---HWCF05, CF-05
13-46---HWGeneralLiu, General Liu
13-47---HWKord, Kord
13-48---HWM21, M21
13-49---HWM82, M82
13-50---HWTokarev, Tokarev
13-51---HWType97, Type97
13-52---DVGrG36c, Gr G36c
13-53---DVSAF, SAF
13-54---DVSL8, Gr SL8
13-55---DVSuper-Shorty, Super-Shorty
13-56---DVTEC-9, TEC-9
13-57---DVVHS, VHS
13-58---XM-4Shiki, 4 Shiki
13-59---XM-HS2000, HS2000
14-00---XM-M1895, M1895
14-01---XM-PM1910, PM1910
14-02---XM-R5, R5
14-03---XM-S-ACR, S-ACR
14-04---XM-Type88, Type88
14-05---XM-VSK-94, VSK-94
14-06---433, 433
14-07---QBU-191, QBU-191
14-08---Boys, Boys AT Rifle
14-09---NY-ACR, ACR
14-10---NY-EVO3, EVO 3
14-11---NY-M950A, M950A
14-12---NY-OBR, OBR
14-13---NY-Saiga-12, Saiga-12
14-14---NY-Shipka, Shipka
14-15---NY-UKM-2000, UKM-2000
14-16---NY-UMP45, UMP45
14-17---CNY-AUGPara, AUG Para
14-18---CNY-Defender, Defender
14-19---CNY-KSVK, KSVK
14-20---CNY-Lewis, Lewis
14-21---CNY-QBU-88, QBU-88
14-22---CNY-SVD, SVD
14-23---CNY-Type56R, Type56R
14-24---CNY-Type92, Type92
14-25---WD-M37, M37
14-26---WD-OTs-14, OTs-14
14-27---WD-Type64, Type64
14-28---WD-Type81R, Type81R
14-29---WD-Type95, Type95
14-30---WD-Webley, Webley
14-31---WD-XM8, XM8
14-32---WD-ZB-26, ZB-26
14-33---DT-64-Shiki, 64 Shiki
14-34---DT-EM-2, EM-2
14-35---DT-Magal, Magal
14-36---DT-Mondragon, Mondragon
14-37---DT-P90, P90
14-38---DT-Thompson, Thompson
14-39---MR-AugPara, AUG Para
14-40---MR-GeneralLiu, General Liu
14-41---MR-GrG36, Gr G36
14-42---MR-GrSL8, Gr SL8
14-43---MR-M16A1, M16A1
14-44---MR-M200, M200
14-45---MR-M4SOPMOD, M4 SOPMOD II
14-46---MR-M4A1, M4A1
14-47---MR-RO635, RO635
14-48---MR-STAR15, ST AR-15
14-49---MR-VHS, VHS
14-50---AN-CZ-805, CZ-805
14-51---AN-C-93, C-93
14-52---AN-FX-05, FX-05
14-53---AN-M82A1, M82A1
14-54---AN-PA-15, PA-15
14-55---AN-PPSh-41, PPSh-41
14-56---AN-Type97S, Type97S
14-57---AN-VSK-94, VSK-94
14-58---CD-AK5, AK 5
14-59---CD-CF-05, CF-05
15-00---CD-LUSA, Lusa
15-01---CD-M82, M82
15-02---CD-PKP, PKP
15-03---CD-RPK-203, RPK-203
15-04---CD-S-ACR, S-ACR
15-05---CD-Wz29, wz. 29
15-06---BC-DP-12, DP-12
15-07---BC-LTLX7000, LTLX 7000
15-08---BC-PPD-40, PPD-40
15-09---BC-PPK, PPK
15-10---BC-Px4Storm, Px4 Storm
15-11---BC-QSB-91, QSB-91
15-12---BC-UKM-2000, UKM-2000
15-13---BC-V-PM5, V-PM5
15-14---JD-Jashin, Jashin-Chan
15-15---JD-Medusa, Medusa
15-16---JD-Minos, Minos
15-17---JD-Pekora, Pekora
15-18---JD-Yurine, Hanazono Yurine
15-19---MB-416, 416
15-20---MB-GrG11, Gr G11
15-21---MB-UMP40, UMP40
15-22---MB-UMP45, UMP45
15-23---MB-UMP9, UMP9
15-24---FR-9A-91, 9A-91
15-25---FR-DeLisle, De Lisle
15-26---FR-Mk12, Mk 12
15-28---FR-OTs-44, OTs-44
15-27---FR-PM-9, PM-9
15-29---FR-Tabuk, Tabuk
15-30---FR-Tokarev, Tokarev
15-31---DA-AUGPara, AUG Para
15-32---DA-GrSL8, Gr SL8
15-33---DA-ModelL, Model L
15-34---DA-Mondragon, Mondragon
15-35---DA-RexZero1, Rex Zero 1
15-36---DA-SP9, SP9
15-37---HW-C-MS, C-MS
15-38---HW-K-PDW, K-PDW
15-39---HW-LWMMG, LWMMG
15-40---HW-MP-443, MP-443
15-41---HW-SVCh, SVCh
15-42---HW-Type95, Type95
15-43---MK-416, 416
15-44---MK-Deagle, Desert Eagle
15-45---MK-F1, F1
15-46---MK-GrMG36, Gr MG36
15-47---MK-SIGMCX, SIG MCX
15-48---MK-Type88, Type88
15-49---XM-89Shiki, 89 Shiki
15-50---XM-CR-21, CR-21
15-51---XM-Cx4Storm, Cx4 Storm
15-52---XM-FNC, FF FNC
15-53---XM-Python, Python
15-54---XM-SAF, SAF
15-55---XM-VP1915, VP1915
15-56---NY-AR-57, AR-57
15-57---NY-LTLX, LTLX 7000
15-58---NY-Lusa, Lusa
15-59---NY-M14, M14
15-60---NY-UMP9, UMP9
15-61---NY-Vector, Vector
15-62---NY-V-PM5, V-PM5
15-63---CNY-A-545, A-545
15-64---CNY-FFFN-49, FF FN-49
15-65---CNY-GrG36, Gr G36
15-66---CNY-HS50, HS.50
15-67---CNY-Kolibri, Kolibri
15-68---CNY-MP7, MP7
15-69---CNY-SP9, SP9
15-70---CNY-Stechkin, Stechkin
15-71---CNY-TKB-408, TKB-408
15-72---WD-Falcon, Falcon
15-73---WD-K5, K5
15-74---WD-Lewis, Lewis
15-75---WD-LWMMG, LWMMG
15-76---WD-M1Garand, M1 Garand
15-77---WD-P22, P22
15-78---WD-T77, T77
15-79---WD-Type79, Type79
15-80---WD-Type97, Type97
15-81---OL-C14, C14
15-81---OL-C14, C14
15-82---OL-CZ75, CZ75
15-83---OL-FX-05, FX-05
15-84---OL-RexZero1, Rex Zero 1
15-85---AN-100Shiki, 100 Shiki
15-86---AN-Defender, Defender
15-87---AN-M1895, M1895
15-88---AN-MP-443, MP-443
15-89---AN-Rhino, Rhino
15-90---AN-Type64, Type64
15-91---AN-Type88, Type88
15-92---AN-ZB-26, ZB-26
15-93---CD-MG3, MG3
15-94---CD-Px4, Px4 Storm
15-95---CD-Tabuk, Tabuk
15-96---CD-Type56R, Type56R
15-97---CD-Type95, Type95
15-98---CD-VSK-94, VSK-94
15-99---BC-AK74M, AK74M
15-100---BC-CF-05, CF-05
15-101---BC-EVO3, EVO3
15-102---BC-HS50, HS.50
15-103---BC-IWS, IWS2000
15-104---BC-M6ASW, M6 ASW
15-105---BC-Savage, Model 99
15-106---BC-Sterling, Sterling
15-107---SP-ACR, ACR
15-108---SP-GrG41, Gr G41
15-109---SP-QBU-88, QBU-88
15-110---SP-SCR, SCR
15-111---SP-SIGMCX, SIG MCX
15-112---SP-TS12, TS12
15-113---SP-Type88, Type88
15-114---ST-C14, C14
15-115---ST-CAWS, CAWS
15-116---ST-Nova, Nova
15-117---ST-PA-15, PA-15
15-118---ST-SAF, SAF
15-119---ST-SR-2, SR-2
16-00---CV-416, 416
16-01---CV-AUGPara, AUG Para
16-02---CV-GrG11, Gr G11
16-03---CV-GrSl8, Gr Sl8
16-04---CV-UMP40, UMP40
16-05---CV-UMP45, UMP45
16-06---CV-UMP9, UMP9
16-07---CV-VHS, VHS
16-08---HW-G43, G43
16-09---HW-JS9, JS 9
16-10---HW-KH2002, KH2002
16-11---HW-M327, M327
16-12---HW-MG42, MG42
16-13---HW-PPQ, PPQ
16-14---HW-STEN, STEN MkII
16-15---WX-4Shiki, 4 Shiki
16-16---WX-Ak5, Ak 5
16-17---WX-Liu, General Liu
16-18---WX-QBZ-191, QBZ-191
16-19---WX-Type56-1, Type56-1
16-20---WX-VP1915, VP1915
16-21---XM-BrenTen, Bren Ten
16-22---XM-DeLisle, De Lisle
16-23---XM-KSVK, KSVK
16-24---XM-Lusa, Lusa
16-25---XM-MPK, MPK
16-26---XM-MPL, MPL
16-27---NY-A-545, A-545
16-28---NY-FX-05, FX-05
16-29---NY-GrSL8, Gr SL8
16-30---NY-MicroUzi, Micro Uzi
16-31---NY-OTs-39, OTs-39
16-32---NY-PPD-40, PPD-40
16-33---CNY-APC556, APC556
16-34---CNY-DP28, DP28
16-35---CNY-Erma, Erma
16-36---CNY-MK3A1, MK3A1
16-37---CNY-Model99, Model 99
16-38---CNY-Px4Storm, Px4 Storm
16-39---CNY-RexZero1, Rex Zero 1
16-40---CNY-Tabuk, Tabuk
16-41---ZL-Ai, Ai Mizuno
16-42---ZL-Junko, Junko Konno
16-43---ZL-Lily, Lily Hoshikawa
16-44---ZL-Saki, Saki Nikaidou
16-45---ZL-Sakura, Sakura Minamoto
16-46---ZL-Tae, Tae Yamada
16-47---ZL-Yugiri, Yugiri
16-48---WD-Astra, Astra
16-49---WD-AUG, AUG
16-50---WD-DP-12, DP-12
16-51---WD-Mondragon, Mondragon
16-52---WD-MP-443, MP-443
16-53---WD-SP9, SP9
16-54---WD-TAR-21, TAR-21
16-55---PR-KH2002, KH2002
16-56---PR-Kord, Kord
16-57---PR-MP41, MP41
16-58---PR-PTRD, PTRD
16-59---PR-SIGMCX, SIG MCX
16-60---PR-TS12, TS12
16-61---AN-9A-91, 9A-91
16-62---AN-Deagle, Desert Eagle
16-63---AN-GrMG36, Gr MG36
16-64---AN-HS50, HS.50
16-65---AN-Kar98k, Kar98k
16-66---AN-M1Garand, M1 Garand
16-67---AN-Mk48, Mk48
16-68---AN-SR2, SR-2
16-69---CD-AA-12, AA-12
16-70---CD-C96, C96
16-71---CD-GrG11, Gr G11
16-72---CD-GrPSG-1, Gr PSG-1
16-73---CD-M1911, M1911
16-74---CD-M240L, M240L
16-75---BC-433, 433
16-76---BC-AR-18, AR-18
16-77---BC-LAMG, LAMG
16-78---BC-Lusa, Lusa
16-79---BC-Shorty, Super-Shorty
16-80---BC-Type64, Type64
16-81---BC-VP1915, VP1915
16-82---OL-6P62, 6P62
16-83---OL-AK-12, AK-12
16-84---OL-AK-15, AK-15
16-85---OL-AN-94, AN-94
16-86---OL-DP-12, DP-12
16-87---OL-GrG36, Gr G36
16-88---OL-Grizzly, Grizzly
16-89---OL-LTLX7000, LTLX 7000
16-90---OL-LWMMG, LWMMG
16-91---OL-Model99, Model 99
16-92---OL-RPK-16, RPK-16
16-93---OL-StG44, StG44
16-94---DA-Liu, General Liu
16-95---DA-GrG28, Gr G28
16-96---DA-M14, M14
16-97---DA-PA-15, PA-15
16-98---DA-QBU-191, QBU-191
16-99---DA-RMB-93, RMB-93
16-100---HW-100Shiki, 100 Shiki
16-101---HW-4Shiki, 4 Shiki
16-102---HW-MicroUzi, Micro Uzi
16-103---HW-NZ75, NZ75
16-104---HW-Python, Python
16-105---HW-Stechkin, Stechkin
16-106---HW-Sterling, Sterling
16-107---CF-A-545, A-545
16-108---CF-Falcon, Falcon
16-109---CF-M16A1, M16A1
16-110---CF-M4SOPMODII, M4 SOPMOD II
16-111---CF-M4A1, M4A1
16-112---CF-RO635, RO635
16-113---CF-STAR-15, ST AR-15
16-114---AF-Liberator, Liberator
16-115---Dande, Dandelion
16-116---Griffin, Griffin
16-117---Helian, Helianthus
16-118---Ange, Angelia
16-119---Kalina, Kalina